Symbol,Exchange
UBH25.CBT,CBT
XAY=F,CME
SBTH25.CBT,CBT
HHZ25.NYM,NYM
ZLU26.CBT,CBT
HOTJ25.NYM,NYM
GDKG26.CME,CME
SDIU25.CME,CME
6BH25.CME,CME
ZQZ25.CBT,CBT
NGTQ25.NYM,NYM
F*SXO.CME,CME
LEQ25.CME,CME
HOU25.NYM,NYM
ESRZ24.CME,CME
F*SIR.CME,CME
F*BTC.CME,CME
HETQ25.CME,CME
6JH25.CME,CME
BCHM25.CMX,CMX
XAK=F,CME
F*NT.NYB,NYB
F*ECD.CME,CME
F*ZO.CBT,CBT
BIOH25.CME,CME
F*SF.NYB,NYB
OJU25.NYB,NYB
PCH25.NYB,NYB
F*XAV.CME,CME
HHM30.NYM,NYM
SBK26.NYB,NYB
GCZ25.CMX,CMX
F*QG.NYM,NYM
GFF26.CME,CME
IQBH25.CBT,CBT
ZMZ26.CBT,CBT
ASPT=F,CME
DYG25.CME,CME
HETJ25.CME,CME
SB-ZV25.NYB,NYB
BZT=F,NYM
0TFJ25.NYM,NYM
KETH25.CBT,CBT
MRB=F,NYM
AR=F,NYB
BTCK25.CME,CME
MMEH25.NYB,NYB
RBJ25.NYM,NYM
HDBK-G2513.BO,BSE
HHM31.NYM,NYM
NGH29.NYM,NYM
CLTJ25.NYM,NYM
OJK25.NYB,NYB
XCZ25.CBT,CBT
LETJ25.CME,CME
7FQ25.NYM,NYM
06EH25.CME,CME
PAJ25.NYM,NYM
F*MNQ.CME,CME
CBU25.CME,CME
HHX30.NYM,NYM
NGTV25.NYM,NYM
F*MIR.CME,CME
ZLU25.CBT,CBT
1OZJ25.CMX,CMX
F*BZT.NYM,NYM
HOK26.NYM,NYM
Z3N=F,CBT
CLTH25.NYM,NYM
RBX25.NYM,NYM
ZBH25.CBT,CBT
HEJ26.CME,CME
HOV25.NYM,NYM
EHRQ25.CMX,CMX
HHZ28.NYM,NYM
AUP=F,CMX
F*JPP.NYB,NYB
F*MHO.NYM,NYM
6AM25.CME,CME
F*MME.NYB,NYB
EGTH25.CME,CME
ETHM25.CME,CME
DYH25.CME,CME
F*SXT.CME,CME
RBN25.NYM,NYM
F*SS.NYB,NYB
ILS=F,CME
RBZ25.NYM,NYM
GDKF26.CME,CME
GCG25.CMX,CMX
HHQ31.NYM,NYM
KCN26.NYB,NYB
OJ-ZH25.NYB,NYB
F*MMM.NYB,NYB
55UH25.CBT,CBT
HHM28.NYM,NYM
F*1OZ.CMX,CMX
SBN25.NYB,NYB
F*ECF.NYM,NYM
SR3M28.CME,CME
QCH25.CMX,CMX
SB-ZK25.NYB,NYB
HETV25.CME,CME
6B=F,CME
SXIH25.CME,CME
TWN-G25.SI,SES
F*KX.NYB,NYB
SYH25.NYB,NYB
ZSUN-G25.SI,SES
CBK25.CME,CME
F*GD.CME,CME
BCHJ25.CMX,CMX
F*EU9.NYB,NYB
SBH25.NYB,NYB
AUPH25.CMX,CMX
HHN28.NYM,NYM
CSCK25.CME,CME
NK-H25.SI,SES
F*XW.CBT,CBT
6S=F,CME
PAC=F,NYB
YM=F,CBT
ZCZ25.CBT,CBT
RY=F,CME
F*YM.CBT,CBT
J7M25.CME,CME
HDGN25.CMX,CMX
PLJ25.NYM,NYM
SIT=F,CMX
PKH25.NYB,NYB
XWU25.CBT,CBT
TBF3J25.CME,CME
HHJ26.NYM,NYM
ND-Z25.SI,SES
ZVED-G25.SI,SES
PAG25.NYM,NYM
NGK26.NYM,NYM
ZWTZ25.CBT,CBT
SR3N25.CME,CME
HPU25.NYM,NYM
F*7F.NYM,NYM
6CK25.CME,CME
HTT=F,NYM
GCV25.CMX,CMX
F*E7.CME,CME
USSH25.NYB,NYB
ZITD-G25.SI,SES
MMN=F,NYB
KETK25.CBT,CBT
HOF26.NYM,NYM
F*KZY.NYB,NYB
7F=F,NYM
HTTJ25.NYM,NYM
CLTZ25.NYM,NYM
ENKH25.CME,CME
ZQU26.CBT,CBT
ZMT=F,CBT
F*KE.CBT,CBT
XEUM25.CME,CME
HHG28.NYM,NYM
QOQ25.CMX,CMX
TNH25.CBT,CBT
CBG25.CME,CME
M6E=F,CME
RVTH25.CME,CME
F*EPZ.CME,CME
MIR=F,CME
XWH26.CBT,CBT
F*TBF3.CME,CME
F*GFT.CME,CME
LEV25.CME,CME
F*CNH.CME,CME
ZTM25.CBT,CBT
SBTN25.CBT,CBT
ZLN26.CBT,CBT
BCHH25.CMX,CMX
NGQ26.NYM,NYM
LEM25.CME,CME
ESGH25.CME,CME
RP=F,CME
KC-ZH25.NYB,NYB
SR3H25.CME,CME
AW=F,CBT
NGQ27.NYM,NYM
EPZH25.CME,CME
10YH25.CBT,CBT
NGH26.NYM,NYM
HG0G25.CMX,CMX
F*SR1.CME,CME
MTN=F,CBT
ZADS-G25.SI,SES
GF=F,CME
XEU=F,CME
CLM28.NYM,NYM
SFH25.NYB,NYB
ASI=F,NYB
HON25.NYM,NYM
ZMTK25.CBT,CBT
QHH25.NYM,NYM
DYK25.CME,CME
F*EWFT.CME,CME
PLNH25.NYB,NYB
NGF26.NYM,NYM
LBRN25.CME,CME
NIFTY25H.NS,NSE
RSV=F,CME
6SM25.CME,CME
WTTH25.NYM,NYM
F*M2K.CME,CME
F*RX.CBT,CBT
M6BM25.CME,CME
TONA-U26.SI,SES
F*NDA.CME,CME
ZCTU25.CBT,CBT
MCLH26.NYM,NYM
QGU25.NYM,NYM
F*CWD.CBT,CBT
BSX-J2529.BO,BSE
KRWH25.CME,CME
F*PLT.NYM,NYM
NITEST135Z.NS,NSE
SR1V25.CME,CME
HYH25.NYB,NYB
CTZ26.NYB,NYB
MJY=F,CME
XAFH25.CME,CME
GCT=F,CMX
MSC=F,CME
BZM25.NYM,NYM
SIN25.CMX,CMX
ZWZ25.CBT,CBT
BZZ27.NYM,NYM
HHZ31.NYM,NYM
BFFG2=F,CME
QGJ26.NYM,NYM
HHX25.NYM,NYM
CLTU25.NYM,NYM
ZWTK25.CBT,CBT
VCH25.NYB,NYB
CLK25.NYM,NYM
ZCU25.CBT,CBT
GNFM25.CME,CME
F*MIN.NYB,NYB
SR3M26.CME,CME
RBTK25.NYM,NYM
NDAZ26.CME,CME
F*ZM.CBT,CBT
QGZ25.NYM,NYM
MVVH25.NYB,NYB
KCK26.NYB,NYB
F*GEO.NYM,NYM
HEK25.CME,CME
F*KSV.NYB,NYB
NQU25.CME,CME
ZWH27.CBT,CBT
F*QM.NYM,NYM
F*KRZ.NYB,NYB
ALIV25.CMX,CMX
CBV25.CME,CME
ZAXS-G25.SI,SES
HHZ27.NYM,NYM
MGCM25.CMX,CMX
QH=F,NYM
ND-Z27.SI,SES
F*MWN.CBT,CBT
HHG31.NYM,NYM
LETZ25.CME,CME
CCZ26.NYB,NYB
SIG25.CMX,CMX
NGTU25.NYM,NYM
HHH26.NYM,NYM
HRCZ25.CMX,CMX
OJF26.NYB,NYB
ZWU26.CBT,CBT
ZGRA-G25.SI,SES
ETHG25.CME,CME
F*LE.CME,CME
F*HO.NYM,NYM
F*SJY.CME,CME
RYM25.CME,CME
F*KEJ.NYB,NYB
KEO=F,NYB
HRCU25.CMX,CMX
MFSH25.NYB,NYB
GEO=F,NYM
F*NG.NYM,NYM
LBR=F,CME
F*GF.CME,CME
SBN26.NYB,NYB
ZHCL-G25.SI,SES
GC=F,CMX
ZQG25.CBT,CBT
QGH25.NYM,NYM
F*MNI.CME,CME
MCLK25.NYM,NYM
E7=F,CME
F*ZR.NYB,NYB
CLTG26.NYM,NYM
SDIM25.CME,CME
ZW=F,CBT
MBTJ25.CME,CME
F*SY.NYB,NYB
PLN=F,NYB
XWN25.CBT,CBT
DCX25.CME,CME
ZQ=F,CBT
HHV30.NYM,NYM
PLF26.NYM,NYM
HON26.NYM,NYM
HDGM25.CMX,CMX
SR3H27.CME,CME
HHV31.NYM,NYM
HHV28.NYM,NYM
CTN25.NYB,NYB
EUSU25.CME,CME
RBK25.NYM,NYM
MCLK26.NYM,NYM
WTTJ25.NYM,NYM
F*6A.CME,CME
F*DY.CME,CME
CC-ZK25.NYB,NYB
6AG25.CME,CME
CC=F,NYB
KRZH25.NYB,NYB
6CM26.CME,CME
SDAZ27.CME,CME
MCLH25.NYM,NYM
ZRX25.CBT,CBT
EU9H25.NYB,NYB
HOH26.NYM,NYM
NGF28.NYM,NYM
00CH25.CBT,CBT
NGV25.NYM,NYM
EWFH25.CME,CME
F*FNG.NYB,NYB
EHRJ25.CMX,CMX
AUPM25.CMX,CMX
CLH25.NYM,NYM
MNGU25.NYM,NYM
AJYH25.CME,CME
QCJ25.CMX,CMX
6JK25.CME,CME
F*H5.CME,CME
NGG27.NYM,NYM
CN-G25.SI,SES
ZRU25.CBT,CBT
CNHU25.CME,CME
MNQ=F,CME
AD0K25.NYM,NYM
BTCM25.CME,CME
KCN27.NYB,NYB
MINH25.NYB,NYB
F*BFF.CME,CME
CSCU25.CME,CME
QMZ25.NYM,NYM
ILSH25.CME,CME
ASPTZ26.CME,CME
DCV25.CME,CME
F*QI.CMX,CMX
HGH26.CMX,CMX
CT-ZH25.NYB,NYB
CLU25.NYM,NYM
CBN25.CME,CME
GFH25.CME,CME
ESRM26.CME,CME
SBH27.NYB,NYB
F*ZMT.CBT,CBT
6BJ25.CME,CME
HH=F,NYM
ZON25.CBT,CBT
SR3K25.CME,CME
RBTM25.NYM,NYM
ZQH25.CBT,CBT
KEK26.CBT,CBT
DXH25.NYB,NYB
HHH25.NYM,NYM
F*6Z.CME,CME
ZSQ25.CBT,CBT
KRW=F,CME
RELI-G2513.BO,BSE
ECDM25.CME,CME
H4G25.CME,CME
6SZ25.CME,CME
XAKH25.CME,CME
ZBPC-G25.SI,SES
ZCH26.CBT,CBT
MTFH25.NYM,NYM
NK-M25.SI,SES
SIF26.CMX,CMX
RLT=F,CME
HP=F,NYM
CNHH25.CME,CME
NGOZ25.NYM,NYM
KETN25.CBT,CBT
SIU25.CMX,CMX
HPH26.NYM,NYM
HHQ30.NYM,NYM
F*ZR.CBT,CBT
HHN30.NYM,NYM
ZSX26.CBT,CBT
MESM25.CME,CME
KMF=F,NYB
ZLZ25.CBT,CBT
KAUH25.NYB,NYB
F*ESK.CME,CME
NGV26.NYM,NYM
F*SEK.CME,CME
CLT=F,NYM
ALIN25.CMX,CMX
F*CJY.CME,CME
6EH26.CME,CME
SITH25.CMX,CMX
F*AUP.CMX,CMX
ASNH25.NYB,NYB
ZN=F,CBT
ESM25.CME,CME
F*RS1.CME,CME
M6EM25.CME,CME
NQ=F,CME
HHF30.NYM,NYM
BTCN25.CME,CME
GDK=F,CME
NGQ25.NYM,NYM
ECFZ25.NYM,NYM
NGTK25.NYM,NYM
VU=F,NYB
HHK28.NYM,NYM
YIWH25.CBT,CBT
HOM25.NYM,NYM
F*MMW.NYB,NYB
F*60U.CBT,CBT
HGM26.CMX,CMX
R1T=F,CME
RS1=F,CME
MGCJ25.CMX,CMX
ZMU26.CBT,CBT
XAU=F,CME
DC=F,CME
6LH25.CME,CME
TBF3U25.CME,CME
SR3Z27.CME,CME
CLF26.NYM,NYM
SILK25.CMX,CMX
MGEK25.CBT,CBT
RYH25.CME,CME
06EK25.CME,CME
F*6S.CME,CME
SR1=F,CME
ZCTK25.CBT,CBT
NJH25.NYB,NYB
LEM26.CME,CME
6AH25.CME,CME
MHGJ25.CMX,CMX
ZLT=F,CBT
F*ETH.CME,CME
KCU25.NYB,NYB
ZCU26.CBT,CBT
SBH26.NYB,NYB
GFU25.CME,CME
ZF=F,CBT
HHU30.NYM,NYM
QMQ25.NYM,NYM
SGP-G25.SI,SES
HOZ25.NYM,NYM
EMTH25.CME,CME
ETH=F,CME
HOH25.NYM,NYM
HHM26.NYM,NYM
SILN25.CMX,CMX
CC-ZN25.NYB,NYB
F*MRB.NYM,NYM
ZLV26.CBT,CBT
ZWU25.CBT,CBT
XAB=F,CME
SIRG25.CME,CME
KCK27.NYB,NYB
PLE=F,NYB
ZBHI-G25.SI,SES
USS=F,NYB
TWN-H25.SI,SES
CCU25.NYB,NYB
MHOH25.NYM,NYM
WDCG27.CME,CME
SR3M25.CME,CME
NGM27.NYM,NYM
ZCZ26.CBT,CBT
F*H2O.CME,CME
F*VC.NYB,NYB
KRAH25.NYB,NYB
SBV26.NYB,NYB
EBRG25.CME,CME
ZSBI-G25.SI,SES
EHRM25.CMX,CMX
QOJ25.CMX,CMX
SEK=F,CME
F*MWS.NYB,NYB
HGV25.CMX,CMX
SFN25.NYB,NYB
GDG25.CME,CME
SXB=F,CME
RMBM25.CME,CME
HHV26.NYM,NYM
F*RF.CME,CME
BZK25.NYM,NYM
CCU26.NYB,NYB
M2KH25.CME,CME
EMDM25.CME,CME
0SRX24.CME,CME
6AZ25.CME,CME
RTYM25.CME,CME
F*XK.CBT,CBT
F*LBR.CME,CME
KWDH25.CBT,CBT
JB-H25.SI,SES
LBRK25.CME,CME
ESRU25.CME,CME
CCH25.NYB,NYB
6LJ25.CME,CME
CSCN25.CME,CME
HRC=F,CMX
6BH26.CME,CME
F*6B.CME,CME
GCJ25.CMX,CMX
ES=F,CME
SR1J25.CME,CME
NGO=F,NYM
F*XPT.CME,CME
CTH26.NYB,NYB
HHH30.NYM,NYM
F*NJ.NYB,NYB
ANE=F,CME
1OZM25.CMX,CMX
ZWZ26.CBT,CBT
ZCT=F,CBT
F*PLN.CME,CME
MBTK25.CME,CME
XAV=F,CME
F*6J.CME,CME
F*EGT.CME,CME
RVT=F,CME
KCK25.NYB,NYB
YIBH25.CBT,CBT
ZLTZ25.CBT,CBT
KZYH25.NYB,NYB
SR3H28.CME,CME
SGCJ25.CMX,CMX
QMK25.NYM,NYM
F*HY.NYB,NYB
HRCK25.CMX,CMX
VC=F,NYB
SR3U30.CME,CME
HUF=F,CME
KEK25.CBT,CBT
CLV26.NYM,NYM
LFW=F,NYB
ESK=F,CME
F*XKT.CME,CME
F*PJY.CME,CME
CT-ZZ25.NYB,NYB
KEOH25.NYB,NYB
ZQX25.CBT,CBT
KSV=F,NYB
KCU26.NYB,NYB
QGJ25.NYM,NYM
CLTQ25.NYM,NYM
ALI=F,CMX
LFWH25.NYB,NYB
RBU25.NYM,NYM
HHK31.NYM,NYM
HHG29.NYM,NYM
FNG=F,NYB
HOJ26.NYM,NYM
SR3U25.CME,CME
NGN25.NYM,NYM
ZMZ25.CBT,CBT
F*USC.NYB,NYB
PATM25.NYM,NYM
HRCJ25.CMX,CMX
F*ZJ.NYB,NYB
SFF26.NYB,NYB
KSVM25.NYB,NYB
XKX26.CBT,CBT
M2KM25.CME,CME
KEH25.CBT,CBT
ZLK25.CBT,CBT
HHZ29.NYM,NYM
00CN25.CBT,CBT
YZH25.NYB,NYB
XK=F,CBT
ZWN26.CBT,CBT
HOZ26.NYM,NYM
KCH26.NYB,NYB
XKX25.CBT,CBT
F*IQB.CBT,CBT
BZM26.NYM,NYM
ZLQ25.CBT,CBT
QIZ25.CMX,CMX
ZKMB-G25.SI,SES
SDAZ28.CME,CME
EBR=F,CME
EHRK25.CMX,CMX
F*CZK.CME,CME
HHU27.NYM,NYM
ZICI-G25.SI,SES
NOK=F,CME
HHZ30.NYM,NYM
ZTSM-G25.SI,SES
ZQQ25.CBT,CBT
HGTH25.CMX,CMX
KRA=F,NYB
CLZ28.NYM,NYM
HHF28.NYM,NYM
CN-U25.SI,SES
MWNH25.CBT,CBT
SR3H30.CME,CME
HHN29.NYM,NYM
PSFH25.CME,CME
HHK26.NYM,NYM
XCN26.CBT,CBT
MMCH25.CME,CME
EZ=F,NYB
ZSU25.CBT,CBT
YWIL-G25.SI,SES
XAPH25.CME,CME
ZSH26.CBT,CBT
KX=F,NYB
YAH25.NYB,NYB
CLJ25.NYM,NYM
F*TN.CBT,CBT
XAYH25.CME,CME
SBTX25.CBT,CBT
GN=F,NYB
CBJ25.CME,CME
MESH26.CME,CME
HOTH25.NYM,NYM
SBTQ25.CBT,CBT
SY=F,NYB
ZHDB-G25.SI,SES
PATH25.NYM,NYM
ZFH25.CBT,CBT
CTK26.NYB,NYB
AUPG25.CMX,CMX
EUSZ26.CME,CME
ZNM25.CBT,CBT
EHR=F,CMX
CJY=F,CME
GCTM25.CMX,CMX
SR3U26.CME,CME
YTBE-G25.SI,SES
ZMV25.CBT,CBT
HHF29.NYM,NYM
NOKH25.CME,CME
HHK30.NYM,NYM
BZZ26.NYM,NYM
XCK26.CBT,CBT
XYTH25.CME,CME
F*HUF.CME,CME
RPH25.CME,CME
MCLZ25.NYM,NYM
BCHN25.CMX,CMX
F*KRK.NYB,NYB
CLTZ26.NYM,NYM
NGTF26.NYM,NYM
DCM25.CME,CME
F*PAT.NYM,NYM
YICH25.CBT,CBT
MMWH25.NYB,NYB
ECF=F,NYM
ZQK26.CBT,CBT
LEG25.CME,CME
F*HTT.NYM,NYM
ZWN25.CBT,CBT
SITN25.CMX,CMX
ASN=F,NYB
MIRH25.CME,CME
6CU25.CME,CME
SBTU25.CBT,CBT
7FU25.NYM,NYM
MCL=F,NYM
GNFK25.CME,CME
CBX25.CME,CME
HHJ27.NYM,NYM
XCH25.CBT,CBT
ZB=F,CBT
CSCX25.CME,CME
VUH25.NYB,NYB
HHQ25.NYM,NYM
HHV29.NYM,NYM
PA=F,NYM
ZWTH25.CBT,CBT
MES=F,CME
10YG25.CBT,CBT
MESU25.CME,CME
EJP-H25.SI,SES
SBIL-G2513.BO,BSE
F*ZT.CBT,CBT
EUSZ25.CME,CME
XWZ25.CBT,CBT
ZQN25.CBT,CBT
RBTQ25.NYM,NYM
CLN25.NYM,NYM
55U=F,CBT
6CJ25.CME,CME
F*SOX.CME,CME
LEJ26.CME,CME
SBT=F,CBT
TBF3=F,CME
KSVH25.NYB,NYB
F*HYB.CBT,CBT
WTT=F,NYM
1OZ=F,CMX
EZH25.NYB,NYB
HHK27.NYM,NYM
TTF=F,NYM
HGTU25.CMX,CMX
BUSK25.CMX,CMX
MCLF26.NYM,NYM
NDA=F,CME
F*SI.CMX,CMX
F*DX.NYB,NYB
F*H4.CME,CME
0ESU25.CME,CME
F*NQT.CME,CME
CT-ZK25.NYB,NYB
PC=F,NYB
CT-ZN25.NYB,NYB
F*ENK.CME,CME
HEM25.CME,CME
MSF=F,CME
CTK25.NYB,NYB
MWSH25.NYB,NYB
YMM25.CBT,CBT
NGM25.NYM,NYM
ZSN25.CBT,CBT
PL=F,NYM
F*SXI.CME,CME
F*YA.NYB,NYB
0GCN25.CMX,CMX
F*HGT.CMX,CMX
F*SDI.CME,CME
F*TTF.NYM,NYM
F*XAF.CME,CME
SGP-H25.SI,SES
F*CLT.NYM,NYM
SI=F,CMX
ZS=F,CBT
GCM25.CMX,CMX
MCLU25.NYM,NYM
METM25.CME,CME
SR3J25.CME,CME
6MH25.CME,CME
MPA=F,NYB
YMU25.CBT,CBT
QC=F,CMX
TONA-M26.SI,SES
MNGK25.NYM,NYM
HY=F,NYB
CLX25.NYM,NYM
M6A=F,CME
XAUH25.CME,CME
QM=F,NYM
F*EBR.CME,CME
ZLTN25.CBT,CBT
NDAZ25.CME,CME
ALIG25.CMX,CMX
CZK=F,CME
ZFM25.CBT,CBT
SFH26.NYB,NYB
F*ZQ.CBT,CBT
ESH25.CME,CME
ZT=F,CBT
QGK25.NYM,NYM
F*CB.CME,CME
KCH25.NYB,NYB
HEQ25.CME,CME
F*SR3.CME,CME
F*ZF.CBT,CBT
QI=F,CMX
MHO=F,NYM
6ZM25.CME,CME
F*ZCT.CBT,CBT
BZTM25.NYM,NYM
SR3Z25.CME,CME
ZMK26.CBT,CBT
CLG26.NYM,NYM
SIJ25.CMX,CMX
F*MCL.NYM,NYM
ZC=F,CBT
YARE-G25.SI,SES
HGM25.CMX,CMX
NGX25.NYM,NYM
KEZ26.CBT,CBT
F*AW.CBT,CBT
F*XAE.CME,CME
ZRH25.NYB,NYB
SR3Z28.CME,CME
NIYM25.CME,CME
XKTH25.CME,CME
KEJH25.NYB,NYB
GCH25.CMX,CMX
SBK27.NYB,NYB
F*ZL.CBT,CBT
EMT=F,CME
RDAZ25.CME,CME
F*HE.CME,CME
MESH25.CME,CME
ZIIB-G25.SI,SES
F*MHG.CMX,CMX
F*DHB.CBT,CBT
ZLV25.CBT,CBT
PAM25.NYM,NYM
HRCF26.CMX,CMX
MHGM25.CMX,CMX
GNFG25.CME,CME
F*LFW.NYB,NYB
CLZ30.NYM,NYM
ZTTM-G25.SI,SES
F*ESG.CME,CME
MSFM25.CME,CME
SILH25.CMX,CMX
ECD=F,CME
F*M6A.CME,CME
KEU25.CBT,CBT
ASTZ27.CME,CME
EADH25.CME,CME
YIAH25.CBT,CBT
GFQ25.CME,CME
ZWH25.CBT,CBT
EADM25.CME,CME
F*2YY.CBT,CBT
HHQ26.NYM,NYM
MJYH25.CME,CME
SJY=F,CME
F*USS.NYB,NYB
CLQ25.NYM,NYM
TBF3H25.CME,CME
SBN27.NYB,NYB
BFFG2514.CME,CME
J7=F,CME
KET=F,CBT
F*HH.NYM,NYM
6Z=F,CME
F*ES.CME,CME
RS1H25.CME,CME
EHRG25.CMX,CMX
6CG25.CME,CME
HOQ26.NYM,NYM
XWN26.CBT,CBT
ALIM25.CMX,CMX
F*MML.NYB,NYB
BSX-G2525.BO,BSE
FID-G25.SI,SES
MYMH25.CBT,CBT
BZJ25.NYM,NYM
6CZ25.CME,CME
HHJ28.NYM,NYM
GCTJ25.CMX,CMX
F*SIT.CMX,CMX
ESZ25.CME,CME
H4=F,CME
NGV29.NYM,NYM
Z3NH25.CBT,CBT
HHU26.NYM,NYM
6NM25.CME,CME
ZLH25.CBT,CBT
6EJ25.CME,CME
SF=F,NYB
DXM25.NYB,NYB
USCH25.NYB,NYB
F*MJY.CME,CME
F*ZS.CBT,CBT
FVN-G25.SI,SES
XAF=F,CME
ZQG26.CBT,CBT
ALIU25.CMX,CMX
HGF26.CMX,CMX
CB=F,CME
XAZ=F,CME
F*EMT.CME,CME
CTV25.NYB,NYB
PLEH25.NYB,NYB
ZCTN25.CBT,CBT
F*MPA.NYB,NYB
F*PC.NYB,NYB
GNFX25.CME,CME
BZU25.NYM,NYM
LE=F,CME
HOTK25.NYM,NYM
EBM=F,CME
F*UB.CBT,CBT
SGCG25.CMX,CMX
GDKJ25.CME,CME
BFFG2507.CME,CME
NGN26.NYM,NYM
PAT=F,NYM
KEZ25.CBT,CBT
SEKM25.CME,CME
RMB=F,CME
GNH25.NYB,NYB
NGN27.NYM,NYM
TNM25.CBT,CBT
CSCJ25.CME,CME
F*KRW.CME,CME
HHX29.NYM,NYM
HOK25.NYM,NYM
KC=F,NYB
GCG26.CMX,CMX
MYMU25.CBT,CBT
F*MCD.CME,CME
MNIH25.CME,CME
ZQM25.CBT,CBT
HGJ25.CMX,CMX
XAIH25.CME,CME
NQZ25.CME,CME
MGCG26.CMX,CMX
6EG25.CME,CME
ZQJ25.CBT,CBT
ESQH25.CME,CME
AWM25.CBT,CBT
HGZ25.CMX,CMX
RSG=F,CME
CLTX25.NYM,NYM
KEN26.CBT,CBT
SR3U29.CME,CME
ZLT-G25.SI,SES
F*HET.CME,CME
6SU25.CME,CME
SBK25.NYB,NYB
MNKH25.CME,CME
NK-G25.SI,SES
ZCH25.CBT,CBT
F*HOT.NYM,NYM
00NH25.CBT,CBT
GFTH25.CME,CME
EHRH25.CMX,CMX
MGCM26.CMX,CMX
RBF26.NYM,NYM
F*MMC.CME,CME
METH25.CME,CME
CSCM25.CME,CME
EUSM25.CME,CME
QMJ25.NYM,NYM
XC=F,CBT
GDKM25.CME,CME
F*MTF.NYM,NYM
QGX25.NYM,NYM
EGT=F,CME
ZLTK25.CBT,CBT
USC=F,NYB
F*XAI.CME,CME
F*CHH.NYB,NYB
CSCG26.CME,CME
XAI=F,CME
QIH25.CMX,CMX
XCN25.CBT,CBT
WTTK25.NYM,NYM
ZCN25.CBT,CBT
TATP-G2513.BO,BSE
HHN31.NYM,NYM
ESRZ25.CME,CME
HHM27.NYM,NYM
F*EAD.CME,CME
F*AST.CME,CME
CSCF26.CME,CME
EUSH25.CME,CME
ZCH27.CBT,CBT
CBF26.CME,CME
MNQH25.CME,CME
NJ=F,NYB
GDKG25.CME,CME
HHH28.NYM,NYM
CTN26.NYB,NYB
MMC=F,CME
F*NGO.NYM,NYM
ZTCS-G25.SI,SES
QGQ25.NYM,NYM
OJX25.NYB,NYB
TBF3M25.CME,CME
F*AJY.CME,CME
QOM25.CMX,CMX
NGTN25.NYM,NYM
ARH25.NYB,NYB
F*GNF.CME,CME
SOX=F,CME
GFT=F,CME
NGJ27.NYM,NYM
TCSL-G2513.BO,BSE
RTYH25.CME,CME
MGCZ25.CMX,CMX
HHG26.NYM,NYM
JPP=F,NYB
NKD=F,CME
KRWG25.CME,CME
HHQ29.NYM,NYM
ZRK25.CBT,CBT
SR3M29.CME,CME
HO=F,NYM
PACH25.NYB,NYB
ZMTH25.CBT,CBT
BTCU25.CME,CME
MGC=F,CMX
F*PAC.NYB,NYB
YMT=F,CBT
ZCIP-G25.SI,SES
HHJ25.NYM,NYM
NIYH25.CME,CME
MMM=F,NYB
YIDH25.CBT,CBT
F*PLE.NYB,NYB
0YMH25.CBT,CBT
ETHJ25.CME,CME
NGG26.NYM,NYM
CJYH25.CME,CME
MGCZ26.CMX,CMX
HOX26.NYM,NYM
ASTH25.CME,CME
EPZ=F,CME
CBM25.CME,CME
MP=F,NYB
M6BH25.CME,CME
ZMH25.CBT,CBT
F*EEM.CME,CME
MCDH25.CME,CME
ZMK25.CBT,CBT
F*MYM.CBT,CBT
CCK26.NYB,NYB
NGU25.NYM,NYM
ZM=F,CBT
XAP=F,CME
HHU28.NYM,NYM
F*EST.CME,CME
F*MP.NYB,NYB
GNFQ25.CME,CME
NGTM25.NYM,NYM
SIH25.CMX,CMX
RF=F,CME
F*ZW.CBT,CBT
F*PLN.NYB,NYB
0ESH25.CME,CME
TN=F,CBT
0ULN25.NYM,NYM
E7M25.CME,CME
NIFTY25G.NS,NSE
CSC=F,CME
HOG28.NYM,NYM
CNH=F,CME
HG0=F,CMX
SRT-G25.SI,SES
HRCM25.CMX,CMX
QMV25.NYM,NYM
LETV25.CME,CME
CLZ26.NYM,NYM
HHJ30.NYM,NYM
XKN25.CBT,CBT
F*HR.NYB,NYB
F*ZN.CBT,CBT
EUS=F,CME
OJN25.NYB,NYB
ECDH25.CME,CME
GD=F,CME
SBV25.NYB,NYB
F*GC.CMX,CMX
F*6E.CME,CME
HEJ25.CME,CME
BTC=F,CME
F*AD0.NYM,NYM
NGZ26.NYM,NYM
DCZ25.CME,CME
PAH25.NYM,NYM
F*ZLT.CBT,CBT
F*BCH.CMX,CMX
F*ESX.CME,CME
F*6C.CME,CME
6EH25.CME,CME
ZLN25.CBT,CBT
F*SGC.CMX,CMX
F*Z3N.CBT,CBT
RBG28.NYM,NYM
GDKH26.CME,CME
TTFH25.NYM,NYM
GEOZ25.NYM,NYM
LEG26.CME,CME
HHJ31.NYM,NYM
XWH25.CBT,CBT
F*PSF.CME,CME
MBT=F,CME
HHG30.NYM,NYM
HGH25.CMX,CMX
KETU25.CBT,CBT
HHK29.NYM,NYM
NGV27.NYM,NYM
RBTH25.NYM,NYM
SGUJ25.CMX,CMX
QMH25.NYM,NYM
6JH26.CME,CME
XYT=F,CME
HTTK25.NYM,NYM
F*BIO.CME,CME
TONA-U25.SI,SES
HETM25.CME,CME
ESXH25.CME,CME
NITEST235Z.NS,NSE
HHX28.NYM,NYM
HHQ27.NYM,NYM
IIBK-G2513.BO,BSE
ESRZ26.CME,CME
SILJ25.CMX,CMX
NQH25.CME,CME
ZMN26.CBT,CBT
6C=F,CME
6MM25.CME,CME
SITU25.CMX,CMX
AJY=F,CME
SGCM25.CMX,CMX
GDH25.CME,CME
SIRH25.CME,CME
F*10Y.CBT,CBT
ESU25.CME,CME
HOF27.NYM,NYM
HPQ25.NYM,NYM
GNF=F,CME
HGX25.CMX,CMX
HHJ29.NYM,NYM
HHX27.NYM,NYM
ZINF-G25.SI,SES
RBT=F,NYM
CSCZ25.CME,CME
F*55U.CBT,CBT
MFS=F,NYB
MGEG25.CBT,CBT
F*EZ.NYB,NYB
PK=F,NYB
6N=F,CME
HOG26.NYM,NYM
PLH25.NYM,NYM
ZRH25.CBT,CBT
MCLX25.NYM,NYM
F*KEO.NYB,NYB
MVV=F,NYB
F*XAZ.CME,CME
ZCK26.CBT,CBT
MSCH25.CME,CME
F*SXB.CME,CME
HHU29.NYM,NYM
ESRH26.CME,CME
MIRG25.CME,CME
ESRH25.CME,CME
RFH25.CME,CME
RBH25.NYM,NYM
QMM25.NYM,NYM
F*NOK.CME,CME
MGCV25.CMX,CMX
CLZ25.NYM,NYM
BKX-G2525.BO,BSE
ZWTU25.CBT,CBT
SXI=F,CME
F*RBT.NYM,NYM
CTH27.NYB,NYB
SIL=F,CMX
SIR=F,CME
6LK25.CME,CME
QMN25.NYM,NYM
GDKX25.CME,CME
F*MVV.NYB,NYB
6EM26.CME,CME
F*KET.CBT,CBT
ESR=F,CME
MMW=F,NYB
ZWT=F,CBT
HEG25.CME,CME
BCH=F,CMX
KCZ26.NYB,NYB
HRH25.NYB,NYB
SMCH25.CME,CME
KAU=F,NYB
CTZ25.NYB,NYB
KZY=F,NYB
F*HRC.CMX,CMX
DCK25.CME,CME
ZLZ26.CBT,CBT
H2OG25.CME,CME
ESG=F,CME
OJ-ZK25.NYB,NYB
F*J7.CME,CME
F*MNK.CME,CME
DYJ25.CME,CME
0BTZ99.CME,CME
F*XAP.CME,CME
MCDM25.CME,CME
GFJ25.CME,CME
CSCV25.CME,CME
NGG31.NYM,NYM
SFK25.NYB,NYB
F*RVT.CME,CME
SR1K25.CME,CME
GNFV25.CME,CME
F*XC.CBT,CBT
F*MMC.NYB,NYB
MMMH25.NYB,NYB
SDIZ25.CME,CME
NGK27.NYM,NYM
ZCTH25.CBT,CBT
SR3Z30.CME,CME
SR1H25.CME,CME
CNHG25.CME,CME
MTF=F,NYM
RLTH25.CME,CME
SR1F26.CME,CME
F*RB.NYM,NYM
GCJ26.CMX,CMX
NGTH25.NYM,NYM
SR3M30.CME,CME
ASTZ26.CME,CME
ESKH25.CME,CME
QGH26.NYM,NYM
MNI=F,CME
SXBH25.CME,CME
J7H25.CME,CME
CHH=F,NYB
F*ASI.NYB,NYB
F*XVT.CME,CME
HDGU25.CMX,CMX
CT=F,NYB
ZCTZ25.CBT,CBT
MCLJ25.NYM,NYM
SILG25.CMX,CMX
TONA-M25.SI,SES
6NH25.CME,CME
XAE=F,CME
HRCG25.CMX,CMX
PSF=F,CME
ZMTZ25.CBT,CBT
GNFJ25.CME,CME
AUPV25.CMX,CMX
CLTF26.NYM,NYM
F*BZ.NYM,NYM
6A=F,CME
PLTJ25.NYM,NYM
CZKH25.CME,CME
RTY=F,CME
LET=F,CME
6BG25.CME,CME
SR1G25.CME,CME
EWFT=F,CME
F*ASPT.CME,CME
IST=F,CME
ACD=F,CME
HOT=F,NYM
EWF=F,CME
GDKQ25.CME,CME
KEH27.CBT,CBT
KRKH25.NYB,NYB
METK25.CME,CME
BZ=F,NYM
HGU25.CMX,CMX
0SRM34.CME,CME
GNFU25.CME,CME
F*R1T.CME,CME
HYB=F,CBT
MYM=F,CBT
HGTN25.CMX,CMX
ENK=F,CME
H5G25.CME,CME
F*RY.CME,CME
RMBG25.CME,CME
SR1N25.CME,CME
BCHG25.CMX,CMX
HE=F,CME
LETQ25.CME,CME
F*M6B.CME,CME
HETN25.CME,CME
0ESZ25.CME,CME
SR3G25.CME,CME
2YYG25.CBT,CBT
F*ILS.NYB,NYB
60UH25.CBT,CBT
XET=F,CME
XCH26.CBT,CBT
KEN25.CBT,CBT
NGM26.NYM,NYM
XPTH25.CME,CME
ASTU26.CME,CME
ILSH25.NYB,NYB
MML=F,NYB
MCLN25.NYM,NYM
NGTX25.NYM,NYM
0GCG25.CMX,CMX
ZMU25.CBT,CBT
CLTH26.NYM,NYM
SR3Z24.CME,CME
BTCH25.CME,CME
HET=F,CME
ESRM25.CME,CME
F*XAR.CME,CME
QIK25.CMX,CMX
SITK25.CMX,CMX
NQT=F,CME
INFY-G2513.BO,BSE
AWH25.CBT,CBT
F*HG0.CMX,CMX
RX=F,CBT
ZQJ26.CBT,CBT
KCN25.NYB,NYB
MNQU25.CME,CME
RPM25.CME,CME
SR1X25.CME,CME
6MJ25.CME,CME
SR3Z29.CME,CME
ESRU26.CME,CME
ZMQ25.CBT,CBT
EHRF26.CMX,CMX
CWDZ25.CBT,CBT
MMLH25.NYB,NYB
F*MTN.CBT,CBT
ACDH25.CME,CME
SDIH25.CME,CME
MHGH25.CMX,CMX
HGT=F,CMX
TONA-Z24.SI,SES
CWDK25.CBT,CBT
6MG25.CME,CME
NDAZ27.CME,CME
ZHUV-G25.SI,SES
F*NGT.NYM,NYM
F*SIL.CMX,CMX
0ZQM25.CBT,CBT
ZMH26.CBT,CBT
F*MES.CME,CME
MPAH25.NYB,NYB
GNFZ25.CME,CME
F*QC.CMX,CMX
SDI=F,CME
F*RP.CME,CME
MCLN26.NYM,NYM
MCLV25.NYM,NYM
F*GCT.CMX,CMX
PJYH25.CME,CME
RXH25.CBT,CBT
SR3H29.CME,CME
MYMM25.CBT,CBT
0TFG25.NYM,NYM
F*MMN.NYB,NYB
ZMTN25.CBT,CBT
F*PA.NYM,NYM
ZWPR-G25.SI,SES
KAUM25.NYB,NYB
SILU25.CMX,CMX
RBQ25.NYM,NYM
XKF26.CBT,CBT
ZBAF-G25.SI,SES
RSVH25.CME,CME
HHN25.NYM,NYM
SDAZ30.CME,CME
CNHZ25.CME,CME
ZQF26.CBT,CBT
ZRN25.CBT,CBT
HHV27.NYM,NYM
ZQV25.CBT,CBT
SR1G26.CME,CME
KETZ25.CBT,CBT
ALIK25.CMX,CMX
ESRF25.CME,CME
H2O=F,CME
6JZ25.CME,CME
ESX=F,CME
XARH25.CME,CME
RBTJ25.NYM,NYM
HUFH25.CME,CME
SB-ZH25.NYB,NYB
AC0K25.NYM,NYM
XKH26.CBT,CBT
ZSF26.CBT,CBT
SXTH25.CME,CME
F*HG.CMX,CMX
QGM25.NYM,NYM
EAD=F,CME
6JJ25.CME,CME
GFX25.CME,CME
TTFJ25.NYM,NYM
AUPU25.CMX,CMX
6BU25.CME,CME
F*EHR.CMX,CMX
F*SB.NYB,NYB
ZBU25.CBT,CBT
7FN25.NYM,NYM
F*MNG.NYM,NYM
HHG27.NYM,NYM
PAU25.NYM,NYM
6SH25.CME,CME
SR1M25.CME,CME
F*ILS.CME,CME
CSCH25.CME,CME
NTH25.NYB,NYB
E7H25.CME,CME
GDKZ25.CME,CME
AUPJ25.CMX,CMX
HR=F,NYB
NGU27.NYM,NYM
HOJ25.NYM,NYM
ALIH25.CMX,CMX
NG=F,NYM
F*CSC.CME,CME
HEZ25.CME,CME
EU9=F,NYB
HEG26.CME,CME
SXOH25.CME,CME
CBH25.CME,CME
F*6N.CME,CME
F*NQ.CME,CME
YDBS-G25.SI,SES
F*NIY.CME,CME
M2K=F,CME
ZTAT-G25.SI,SES
HGG26.CMX,CMX
SOXH25.CME,CME
ZSEA-G25.SI,SES
BZTN25.NYM,NYM
CBQ25.CME,CME
MMCH25.NYB,NYB
QGN25.NYM,NYM
HRCN25.CMX,CMX
SR3H26.CME,CME
QOZ25.CMX,CMX
JPPH25.NYB,NYB
ZL=F,CBT
F*XAB.CME,CME
F*XET.CME,CME
MNGJ25.NYM,NYM
F*XAY.CME,CME
ZAPN-G25.SI,SES
DY=F,CME
NDAZ30.CME,CME
ZWH26.CBT,CBT
HG=F,CMX
SGUM25.CMX,CMX
ZCZ27.CBT,CBT
SR3X24.CME,CME
MNGM25.NYM,NYM
F*ESQ.CME,CME
MWS=F,NYB
ZO=F,CBT
ZSX25.CBT,CBT
SR3U28.CME,CME
HHU31.NYM,NYM
10Y=F,CBT
LFM=F,NYB
PLNH25.CME,CME
6CH25.CME,CME
2YY=F,CBT
QIN25.CMX,CMX
HTTH25.NYM,NYM
6JU25.CME,CME
F*DC.CME,CME
6BM25.CME,CME
F*ANE.CME,CME
CTH25.NYB,NYB
QO=F,CMX
SXT=F,CME
SDAZ29.CME,CME
ALIM26.CMX,CMX
EDPG25.CMX,CMX
RBTU25.NYM,NYM
ANEH25.CME,CME
ZTH25.CBT,CBT
6E=F,CME
ZQK25.CBT,CBT
6J=F,CME
CWD=F,CBT
HOU26.NYM,NYM
F*RLT.CME,CME
CANB-H2513.BO,BSE
MNK=F,CME
ZSK26.CBT,CBT
LETM25.CME,CME
SDIH26.CME,CME
F*CL.NYM,NYM
DYM25.CME,CME
ESTH25.CME,CME
ZMF26.CBT,CBT
MGCJ26.CMX,CMX
ZJH25.NYB,NYB
CLTM26.NYM,NYM
6EU25.CME,CME
BZTJ25.NYM,NYM
CCZ25.NYB,NYB
GCTZ25.CMX,CMX
HHV25.NYM,NYM
MCLM25.NYM,NYM
CCN25.NYB,NYB
ESQ=F,CME
NGT=F,NYM
F*SMC.CME,CME
ASTM25.CME,CME
F*SXR.CME,CME
NT=F,NYB
PLV25.NYM,NYM
F*YZ.NYB,NYB
F*OJ.NYB,NYB
GFK25.CME,CME
TBF3G25.CME,CME
CC-ZH25.NYB,NYB
DCJ25.CME,CME
YCLI-G25.SI,SES
F*IST.CME,CME
SDA=F,CME
KOL=F,NYB
KMFH25.NYB,NYB
0YMZ25.CBT,CBT
MET=F,CME
PLN25.NYM,NYM
MCLJ26.NYM,NYM
F*EBM.CME,CME
SBTF26.CBT,CBT
NQTH25.CME,CME
F*AR.NYB,NYB
NGF27.NYM,NYM
F*KC.NYB,NYB
GNFH25.CME,CME
6EZ25.CME,CME
ZRILA-G25.SI,SES
YMH25.CBT,CBT
ZSQ26.CBT,CBT
ZMN25.CBT,CBT
F*YMT.CBT,CBT
CLM25.NYM,NYM
METJ25.CME,CME
XKQ25.CBT,CBT
CHHH25.NYB,NYB
F*CC.NYB,NYB
HGN25.CMX,CMX
SDAZ26.CME,CME
CLZ29.NYM,NYM
XCZ26.CBT,CBT
ZOK25.CBT,CBT
HOTM25.NYM,NYM
SR3Z26.CME,CME
F*ZB.CBT,CBT
BSX-G2518.BO,BSE
ZNU25.CBT,CBT
ASTZ25.CME,CME
RBTN25.NYM,NYM
HHH27.NYM,NYM
F*ASN.NYB,NYB
SIK25.CMX,CMX
MESZ25.CME,CME
F*KOL.NYB,NYB
ASIH25.NYB,NYB
CN-H25.SI,SES
MBTH25.CME,CME
GCQ25.CMX,CMX
FCH-G25.SI,SES
F*KMF.NYB,NYB
OJH25.NYB,NYB
BTCJ25.CME,CME
DCU25.CME,CME
RGT=F,CME
ZCN26.CBT,CBT
SXR=F,CME
SDAZ25.CME,CME
ZCK25.CBT,CBT
XAR=F,CME
XAZH25.CME,CME
CLV25.NYM,NYM
F*KAU.NYB,NYB
BSX-G2511.BO,BSE
CUSG27.CME,CME
ALIQ25.CMX,CMX
GFTJ25.CME,CME
ZSN26.CBT,CBT
LEJ25.CME,CME
TAMO-G2513.BO,BSE
BZTK25.NYM,NYM
NKDH25.CME,CME
AUPN25.CMX,CMX
F*LET.CME,CME
NGTZ25.NYM,NYM
NGZ27.NYM,NYM
ZLTH25.CBT,CBT
EST=F,CME
XW=F,CBT
MCLM26.NYM,NYM
HDGK25.CMX,CMX
HHM25.NYM,NYM
KRZ=F,NYB
CCN26.NYB,NYB
HHQ28.NYM,NYM
F*QO.CMX,CMX
EEMG25.CME,CME
CN-J25.SI,SES
HHX31.NYM,NYM
MPH25.NYB,NYB
TONA-Z26.SI,SES
YIYH25.CBT,CBT
6L=F,CME
ZQH26.CBT,CBT
F*GN.NYB,NYB
DCQ25.CME,CME
BTCG25.CME,CME
ZNH25.CBT,CBT
HPJ25.NYM,NYM
F*RMB.CME,CME
EMDH25.CME,CME
NQM25.CME,CME
ZLF26.CBT,CBT
ZSH25.CBT,CBT
F*ALI.CMX,CMX
HDGQ25.CMX,CMX
XKK25.CBT,CBT
XAVH25.CME,CME
LFMH25.NYB,NYB
F*SBT.CBT,CBT
F*PL.NYM,NYM
HHF27.NYM,NYM
ZJ=F,NYB
MIN=F,NYB
00NU25.CBT,CBT
NGZ25.NYM,NYM
NIY=F,CME
H5=F,CME
KEH26.CBT,CBT
UBM25.CBT,CBT
F*AC0.NYM,NYM
NGJ25.NYM,NYM
SJYH25.CME,CME
SMC=F,CME
IQB=F,CBT
MNGH25.NYM,NYM
0CUJ25.NYM,NYM
HHF26.NYM,NYM
F*PK.NYB,NYB
XWK25.CBT,CBT
KPIT-G2513.BO,BSE
F*ESR.CME,CME
F*EUS.CME,CME
SR3M27.CME,CME
F*XAK.CME,CME
F*MFS.NYB,NYB
MNQM25.CME,CME
PJY=F,CME
DX-ZH25.NYB,NYB
ZWK26.CBT,CBT
R1TH25.CME,CME
KE=F,CBT
KCU27.NYB,NYB
KRK=F,NYB
PAZ25.NYM,NYM
MHG=F,CMX
F*XAU.CME,CME
ZSK25.CBT,CBT
HEV25.CME,CME
F*ACD.CME,CME
XPT=F,CME
SFU25.NYB,NYB
QGF26.NYM,NYM
XKU25.CBT,CBT
F*RDA.CME,CME
CSCQ25.CME,CME
BUSJ25.CMX,CMX
SS=F,NYB
CT-ZH26.NYB,NYB
EBMG25.CME,CME
F*GDK.CME,CME
ZLK26.CBT,CBT
BFFG2521.CME,CME
ZSU26.CBT,CBT
SR1U25.CME,CME
DCN25.CME,CME
KCZ27.NYB,NYB
F*VU.NYB,NYB
F*WTT.NYM,NYM
F*MSC.CME,CME
DYF26.CME,CME
CL=F,NYM
60U=F,CBT
QGV25.NYM,NYM
MGCG25.CMX,CMX
METG25.CME,CME
M6B=F,CME
NGTJ25.NYM,NYM
ZR=F,CBT
DHBH25.CBT,CBT
F*6L.CME,CME
RBM25.NYM,NYM
DCG25.CME,CME
SEKH25.CME,CME
6ZH25.CME,CME
HHF31.NYM,NYM
MRBH25.NYM,NYM
QGZ26.NYM,NYM
KOLH25.NYB,NYB
F*MBT.CME,CME
HGK25.CMX,CMX
ZBM25.CBT,CBT
TONA-H26.SI,SES
CLTK25.NYM,NYM
MHGK25.CMX,CMX
QCK25.CMX,CMX
XWK26.CBT,CBT
F*KRA.NYB,NYB
KC-ZN25.NYB,NYB
KCH27.NYB,NYB
BIO=F,CME
F*ZC.CBT,CBT
SB=F,NYB
MMNH25.NYB,NYB
RGTH25.CME,CME
XKT=F,CME
BZZ25.NYM,NYM
ETHH25.CME,CME
PLTN25.NYM,NYM
ZMQ26.CBT,CBT
RBG26.NYM,NYM
MBTM25.CME,CME
TISC-G2513.BO,BSE
6JG25.CME,CME
KCZ25.NYB,NYB
6AU25.CME,CME
YZ=F,NYB
F*RSG.CME,CME
RBV25.NYM,NYM
MTNM25.CBT,CBT
SGC=F,CMX
F*NKD.CME,CME
DHB=F,CBT
XAEH25.CME,CME
ZLQ26.CBT,CBT
ZOH25.CBT,CBT
F*EWF.CME,CME
SXO=F,CME
F*CT.NYB,NYB
AD0=F,NYM
F*SDA.CME,CME
XCU25.CBT,CBT
HOM26.NYM,NYM
ZLH26.CBT,CBT
RBZ26.NYM,NYM
0HEK25.CME,CME
CNHK25.CME,CME
OJ=F,NYB
BZN25.NYM,NYM
6AH26.CME,CME
RDA=F,CME
MCD=F,CME
CCH26.NYB,NYB
XKH25.CBT,CBT
AC0=F,NYM
CLTV25.NYM,NYM
GDKH25.CME,CME
SR3U27.CME,CME
NGK25.NYM,NYM
NGX26.NYM,NYM
SR1Q25.CME,CME
HGQ25.CMX,CMX
F*HP.NYM,NYM
ISTH25.CME,CME
F*XYT.CME,CME
6AJ25.CME,CME
SR3=F,CME
F*MET.CME,CME
F*MGC.CMX,CMX
GNFN25.CME,CME
ALIJ25.CMX,CMX
MJYM25.CME,CME
CCK25.NYB,NYB
HOX25.NYM,NYM
SSH25.NYB,NYB
ZQU25.CBT,CBT
0NIN25.CME,CME
CLH26.NYM,NYM
ZBHA-G25.SI,SES
BZF26.NYM,NYM
CLM27.NYM,NYM
NGV28.NYM,NYM
M6AM25.CME,CME
EWFTH25.CME,CME
MHGN25.CMX,CMX
MME=F,NYB
KEJ=F,NYB
SIH26.CMX,CMX
QG=F,NYM
TONA-Z25.SI,SES
NGH25.NYM,NYM
RTYU25.CME,CME
SXRH25.CME,CME
MWN=F,CBT
NKDM25.CME,CME
XETH25.CME,CME
QIU25.CMX,CMX
HOTN25.NYM,NYM
F*RTY.CME,CME
SB-ZN25.NYB,NYB
MTNH25.CBT,CBT
M6EH25.CME,CME
SR3F25.CME,CME
NGU26.NYM,NYM
SBTK25.CBT,CBT
ZMV26.CBT,CBT
SR1Z25.CME,CME
MCLQ25.NYM,NYM
HOTU25.NYM,NYM
AUPQ25.CMX,CMX
F*XEU.CME,CME
HPH25.NYM,NYM
F*EMD.CME,CME
EEM=F,CME
SBV27.NYB,NYB
CN-M25.SI,SES
UB=F,CBT
F*6M.CME,CME
SIZ25.CMX,CMX
GFV25.CME,CME
QMU25.NYM,NYM
YITH25.CBT,CBT
XABH25.CME,CME
CNHM25.CME,CME
ETHK25.CME,CME
HHH29.NYM,NYM
CUK25.NYM,NYM
F*MSF.CME,CME
HOTQ25.NYM,NYM
KC-ZK25.NYB,NYB
HGTK25.CMX,CMX
CBZ25.CME,CME
F*RSV.CME,CME
RSGH25.CME,CME
YA=F,NYB
HYBH25.CBT,CBT
BSX-H2525.BO,BSE
0CJN25.NYM,NYM
HOQ25.NYM,NYM
XCK25.CBT,CBT
F*RGT.CME,CME
LBRH25.CME,CME
PLT=F,NYM
HHM29.NYM,NYM
CNHJ25.CME,CME
6EM25.CME,CME
MGCQ25.CMX,CMX
SDAZ34.CME,CME
YSTT-G25.SI,SES
CLM26.NYM,NYM
GDKK25.CME,CME
ZWK25.CBT,CBT
YMTH25.CBT,CBT
F*M6E.CME,CME
6CM25.CME,CME
DX=F,NYB
CWDH25.CBT,CBT
HHK25.NYM,NYM
6JM25.CME,CME
HEN25.CME,CME
HGG25.CMX,CMX
CLTM25.NYM,NYM
HRCQ25.CMX,CMX
AST=F,CME
RB=F,NYM
NGH27.NYM,NYM
DCH25.CME,CME
NGJ26.NYM,NYM
MSFH25.CME,CME
LEZ25.CME,CME
AUPK25.CMX,CMX
MNG=F,NYM
XVT=F,CME
KXH25.NYB,NYB
F*ZWT.CBT,CBT
NK-J25.SI,SES
CLZ27.NYM,NYM
HDGJ25.CMX,CMX
EUSH26.CME,CME
HRCH25.CMX,CMX
HHU25.NYM,NYM
6M=F,CME
F*LFM.NYB,NYB
MBTG25.CME,CME
HHN27.NYM,NYM
ZWTN25.CBT,CBT
EHRN25.CMX,CMX
FCH-H25.SI,SES
CSCG25.CME,CME
6BZ25.CME,CME
CLTN25.NYM,NYM
RMBH25.CME,CME
0CUU25.NYM,NYM
TONA-H25.SI,SES
EMD=F,CME
HHH31.NYM,NYM
HGJ26.CMX,CMX
F*QH.NYM,NYM
BCHK25.CMX,CMX
M6AH25.CME,CME
EUSM26.CME,CME
FNGH25.NYB,NYB
XVTH25.CME,CME
